customerID,tenure,MonthlyCharges,TotalCharges,churn_probability,risk_segment
5542-TBBWB,1,69.9,69.9,0.9520729,Critical Risk
7439-DKZTW,1,80.55,80.55,0.94653046,Critical Risk
7577-SWIFR,1,89.25,89.25,0.94146925,Critical Risk
4060-LDNLU,7,96.2,639.7,0.93763167,Critical Risk
7465-ZZRVX,1,70.35,70.35,0.935642,Critical Risk
1452-VOQCH,1,75.1,75.1,0.9352053,Critical Risk
4912-PIGUY,1,84.6,84.6,0.9314888,Critical Risk
8161-QYMTT,7,94.1,701.3,0.9236801,Critical Risk
1640-PLFMP,1,70.25,70.25,0.9223036,Critical Risk
2262-SLNVK,1,70.1,70.1,0.92156225,Critical Risk
4234-XTNEA,2,79.95,174.45,0.9165056,Critical Risk
3318-NMQXL,3,92.0,266.8,0.91590416,Critical Risk
3338-CVVEH,12,94.55,1173.55,0.9085036,Critical Risk
8040-MNRTF,1,71.1,71.1,0.9082484,Critical Risk
3878-AVSOQ,1,71.25,71.25,0.9076591,Critical Risk
9617-INGJY,1,70.6,70.6,0.9076086,Critical Risk
9603-OAIHC,1,70.05,70.05,0.9066232,Critical Risk
1628-BIZYP,1,85.0,85.0,0.9059793,Critical Risk
2019-HDCZY,63,102.6,6296.75,0.9026363,Critical Risk
2545-EBUPK,2,84.05,186.05,0.9006667,Critical Risk
2789-HQBOU,3,80.35,253.8,0.89987534,Critical Risk
9432-VOFYX,17,70.8,1207.0,0.8991142,Critical Risk
8775-ERLNB,1,74.3,74.3,0.89883476,Critical Risk
9605-WGJVW,1,70.2,70.2,0.89834034,Critical Risk
5032-MIYKT,1,70.7,70.7,0.8981513,Critical Risk
1766-GKNMI,29,84.9,2516.2,0.89547575,Critical Risk
4273-MBHYA,1,89.35,89.35,0.8935296,Critical Risk
1508-DFXCU,12,81.45,912.0,0.89290136,Critical Risk
8739-XNIKG,5,84.0,424.75,0.89229006,Critical Risk
9360-OMDZZ,24,94.1,2322.85,0.89123416,Critical Risk
5382-SOYZL,22,95.1,2162.6,0.888774,Critical Risk
5628-FCGYG,21,84.1,1737.45,0.8884122,Critical Risk
6229-LSCKB,6,79.7,497.6,0.8881509,Critical Risk
2754-SDJRD,8,100.15,908.55,0.88708746,Critical Risk
7858-GTZSP,12,86.55,1066.9,0.88556546,Critical Risk
4927-WWOOZ,2,91.45,171.45,0.88543165,Critical Risk
5150-ITWWB,3,94.85,335.75,0.8839839,Critical Risk
1200-TUZHR,8,85.2,695.75,0.88355404,Critical Risk
2876-GZYZC,13,85.95,1215.65,0.88340473,Critical Risk
2215-ZAFGX,9,85.5,791.7,0.881978,Critical Risk
4847-TAJYI,6,89.35,567.8,0.8817002,Critical Risk
4115-NZRKS,7,89.15,574.35,0.8804045,Critical Risk
6357-JJPQT,3,80.5,232.35,0.87944627,Critical Risk
4445-ZJNMU,9,99.3,918.75,0.87865746,Critical Risk
7365-BVCJH,1,24.4,24.4,0.8781009,Critical Risk
6918-UMQCG,5,80.2,384.25,0.8773144,Critical Risk
9450-TRJUU,35,83.15,2848.45,0.8766458,Critical Risk
7823-JSOAG,3,74.5,217.45,0.8745764,Critical Risk
2897-DOVND,2,69.8,146.65,0.8738435,Critical Risk
5222-IMUKT,32,91.05,2871.5,0.8725529,Critical Risk
9717-QEBGU,2,70.3,144.0,0.8714293,Critical Risk
6215-NQCPY,15,99.7,1566.75,0.87105626,Critical Risk
3453-RTHJQ,6,69.1,435.0,0.8699341,Critical Risk
4291-SHSBH,7,69.55,521.35,0.8699341,Critical Risk
8309-IEYJD,1,70.6,70.6,0.86780655,Critical Risk
1219-NNDDO,9,76.85,663.55,0.86608917,Critical Risk
5043-TRZWM,1,75.55,75.55,0.86417973,Critical Risk
6986-IXNDM,14,92.9,1337.45,0.8641637,Critical Risk
0021-IKXGC,1,72.1,72.1,0.86054623,Critical Risk
3030-YDNRM,8,74.85,572.45,0.8603819,Critical Risk
7392-YYPYJ,22,100.65,2415.95,0.8594284,Critical Risk
6137-NICCO,6,94.05,518.75,0.85823494,Critical Risk
8270-RKSAP,9,70.5,597.9,0.8580418,Critical Risk
9743-DQKQW,3,25.1,79.8,0.8572309,Critical Risk
9506-UXUSK,13,70.15,931.75,0.856554,Critical Risk
9494-MRNYX,10,75.05,786.3,0.8561869,Critical Risk
2501-XWWTZ,11,70.2,760.05,0.85572004,Critical Risk
7586-ZATGZ,40,84.9,3369.05,0.85506916,Critical Risk
7398-SKNQZ,3,94.9,273.2,0.8548507,Critical Risk
7504-UWHNB,25,69.75,1729.35,0.8547726,Critical Risk
6185-TASNN,1,46.3,46.3,0.8499039,Critical Risk
3717-OEAUQ,2,70.7,129.2,0.8498177,Critical Risk
5928-QLDHB,9,76.25,684.85,0.84932154,Critical Risk
0921-OHLVP,22,83.05,1799.3,0.84894395,Critical Risk
2831-EBWRN,4,45.9,199.75,0.8484783,Critical Risk
3320-VEOYC,14,95.6,1273.3,0.846735,Critical Risk
2018-QKYGT,1,81.05,81.05,0.84596264,Critical Risk
3384-CTMSF,47,104.1,5135.15,0.84436536,Critical Risk
0899-LIIBW,34,100.85,3527.3,0.84395796,Critical Risk
7354-OIJLX,9,75.85,724.65,0.84324026,Critical Risk
6175-IRFIT,5,78.75,426.35,0.84130317,Critical Risk
5501-TVMGM,1,55.25,55.25,0.8412033,Critical Risk
0491-KAPQG,21,73.7,1558.7,0.83768517,Critical Risk
0187-QSXOE,7,89.0,605.45,0.8365675,Critical Risk
3422-GALYP,2,79.45,145.15,0.83639646,Critical Risk
8875-AKBYH,20,84.35,1745.2,0.8356717,Critical Risk
2985-FMWYF,23,93.5,2341.55,0.8347241,Critical Risk
7394-LWLYN,2,70.15,123.8,0.83466405,Critical Risk
5019-GQVCR,43,84.85,3645.6,0.83450615,Critical Risk
3496-LFSZU,4,70.5,294.2,0.8331599,Critical Risk
4706-DGAHW,1,45.2,45.2,0.8330747,Critical Risk
4301-VVZKA,16,75.4,1189.4,0.83274126,Critical Risk
4132-KALRO,4,100.85,399.25,0.83271736,Critical Risk
0432-CAJZV,3,90.7,237.65,0.8323786,Critical Risk
4685-ERGHK,57,86.9,4939.25,0.83131397,Critical Risk
9696-RMYBA,5,80.1,398.55,0.8289109,Critical Risk
3489-HHPFY,2,84.05,134.05,0.8288327,Critical Risk
2254-DLXRI,1,79.15,79.15,0.8282113,Critical Risk
3955-JBZZM,20,78.8,1641.3,0.82754624,Critical Risk
6362-QHAFM,42,108.3,4586.15,0.8272524,Critical Risk
3587-PMCOY,10,98.9,1064.95,0.8272028,Critical Risk
4090-KPJIP,3,74.95,212.4,0.8269528,Critical Risk
5133-POWUA,1,45.8,45.8,0.826908,Critical Risk
9244-ZVAPM,1,45.6,45.6,0.8259366,Critical Risk
1302-UHBDD,20,89.95,1648.45,0.825658,Critical Risk
6077-BDPXA,3,70.15,194.2,0.82502156,Critical Risk
7245-NIIWQ,3,69.85,199.85,0.8246659,Critical Risk
9633-XQABV,3,70.25,229.7,0.8246659,Critical Risk
2688-BHGOG,9,79.55,718.55,0.8243903,Critical Risk
3841-CONLJ,1,35.0,35.0,0.82424927,Critical Risk
6158-HDPXZ,1,25.35,25.35,0.82397115,Critical Risk
9957-YODKZ,6,80.8,457.1,0.8220213,Critical Risk
4482-EWFMI,2,69.7,135.2,0.82186365,Critical Risk
4395-PZMSN,5,85.55,408.5,0.8213758,Critical Risk
5442-BHQNG,2,70.35,139.25,0.8208702,Critical Risk
3439-GVUSX,1,24.4,24.4,0.8206265,Critical Risk
0928-XUTSN,13,80.5,1011.8,0.81898814,Critical Risk
1941-HOSAM,1,90.1,90.1,0.8185768,Critical Risk
7994-UYIVZ,8,85.65,659.45,0.81846404,Critical Risk
6557-BZXLQ,16,69.65,1043.3,0.8181028,Critical Risk
8705-WZCYL,1,44.8,44.8,0.8151925,Critical Risk
4373-VVHQL,1,44.75,44.75,0.8151925,Critical Risk
1942-OQFRW,1,44.0,44.0,0.8128688,Critical Risk
8132-YPVBX,6,85.95,514.6,0.8126843,Critical Risk
7181-OQCUT,21,103.85,2215.0,0.8123477,Critical Risk
5288-AHOUP,11,78.5,874.2,0.8116473,Critical Risk
8541-QVFKM,8,73.5,632.2,0.8110136,Critical Risk
3199-XGZCY,8,75.25,576.7,0.8110136,Critical Risk
3714-NTNFO,49,84.5,3906.7,0.8108287,Critical Risk
3462-BJQQA,6,89.75,552.65,0.8102185,Critical Risk
2038-OEQZH,4,86.05,308.1,0.80954844,Critical Risk
6856-RAURS,2,74.9,136.05,0.80938345,Critical Risk
5144-TVGLP,38,94.75,3653.0,0.80921143,Critical Risk
8849-AYPTR,33,91.25,2964.05,0.80834436,Critical Risk
6212-ATMLK,50,95.7,4729.75,0.80807096,Critical Risk
8990-ZXLSU,9,69.05,651.5,0.80697817,Critical Risk
8622-ZLFKO,6,90.75,512.25,0.80649805,Critical Risk
9822-OAOVB,1,55.45,55.45,0.805568,Critical Risk
6630-UJZMY,4,83.25,308.05,0.8054951,Critical Risk
7855-DIWPO,21,68.65,1493.2,0.80397743,Critical Risk
5879-SESNB,11,75.25,888.65,0.8037592,Critical Risk
0396-YCHWO,36,95.4,3474.2,0.80362535,Critical Risk
9840-EFJQB,1,74.35,74.35,0.8017714,Critical Risk
3370-HXOPH,3,76.1,257.6,0.8013107,Critical Risk
7402-EYFXX,26,93.6,2404.1,0.8005774,Critical Risk
2920-RNCEZ,1,69.95,69.95,0.7997881,Critical Risk
3566-HJGPK,1,45.55,45.55,0.79953074,Critical Risk
4450-DLLMH,2,71.3,157.75,0.7981748,Critical Risk
9402-ORRAH,15,91.5,1400.3,0.7970606,Critical Risk
6350-XFYGW,4,94.75,422.4,0.7968561,Critical Risk
0674-EYYZV,1,54.65,54.65,0.7943001,Critical Risk
2740-TVLFN,1,50.15,50.15,0.7931111,Critical Risk
4195-NZGTA,1,25.25,25.25,0.7927765,Critical Risk
9903-LYSAB,18,73.15,1305.95,0.792107,Critical Risk
5543-QDCRY,4,56.4,234.85,0.7919245,Critical Risk
1769-GRUIK,18,71.1,1247.75,0.79171646,Critical Risk
8272-ONJLV,12,95.7,1184.0,0.79157907,Critical Risk
5153-RTHKF,34,85.35,2896.6,0.7912336,Critical Risk
7363-QTBIW,9,79.75,769.1,0.79073316,Critical Risk
6127-IYJOZ,1,45.85,45.85,0.7907041,Critical Risk
3317-VLGQT,14,78.1,1122.4,0.7904817,Critical Risk
4884-ZTHVF,8,87.1,713.6,0.78975236,Critical Risk
1335-NTIUC,9,24.95,190.25,0.78892136,Critical Risk
1197-BVMVG,4,74.45,294.45,0.78788924,Critical Risk
3096-GKWEB,18,94.75,1691.9,0.7871656,Critical Risk
3223-DWFIO,4,69.35,261.65,0.7868418,Critical Risk
7952-OBOYL,3,89.85,244.45,0.786538,Critical Risk
7321-VGNKU,2,70.35,120.25,0.7860193,Critical Risk
4749-OJKQU,4,75.65,302.35,0.7841556,Critical Risk
1393-IMKZG,1,95.85,95.85,0.78357345,Critical Risk
7315-WYOAW,13,100.75,1313.25,0.7834739,Critical Risk
1226-IENZN,16,78.75,1218.25,0.78331804,Critical Risk
6198-ZFIOJ,5,75.6,402.5,0.7830073,Critical Risk
4869-EPIUS,56,80.9,4557.5,0.782945,Critical Risk
0840-DFEZH,7,75.35,564.65,0.782568,Critical Risk
1475-VWVDO,7,74.9,490.55,0.7824578,Critical Risk
4983-CCWMC,3,69.6,207.4,0.78123444,Critical Risk
4029-HPFVY,3,70.3,220.4,0.78123444,Critical Risk
0018-NYROU,5,68.95,351.5,0.7786707,Critical Risk
0644-OQMDK,4,70.65,293.85,0.7784907,Critical Risk
6988-CJEYV,49,98.7,4920.55,0.778223,Critical Risk
9334-GWGOW,7,74.85,485.25,0.7781339,Critical Risk
1016-DJTSV,8,69.7,572.85,0.7768528,Critical Risk
4633-MKHYU,9,88.4,788.6,0.7766962,Critical Risk
7901-TBKJX,56,101.05,5594.0,0.7763897,Critical Risk
8720-RQSBJ,1,44.0,44.0,0.77560765,Critical Risk
2077-MPJQO,7,75.4,533.05,0.7748966,Critical Risk
2371-JQHZZ,24,93.0,2248.05,0.7741292,Critical Risk
2800-QQUSO,42,100.3,4222.95,0.77360374,Critical Risk
2123-AGEEN,7,84.35,609.65,0.77310354,Critical Risk
8630-FJLIB,18,69.8,1221.65,0.77136827,Critical Risk
2103-ZRXFN,1,50.75,50.75,0.7710961,Critical Risk
0365-BZUWY,17,102.55,1742.5,0.770044,Critical Risk
5016-IBERQ,23,84.25,1968.1,0.7697053,Critical Risk
6994-KERXL,4,55.9,238.5,0.7687521,Critical Risk
9290-SHCMB,13,96.85,1235.55,0.7680505,Critical Risk
4727-MCYZG,1,55.55,55.55,0.76766557,Critical Risk
5226-NOZFC,26,85.75,2146.5,0.7676419,Critical Risk
4559-UWIHT,14,82.65,1185.0,0.767091,Critical Risk
9885-AIBVB,29,85.8,2440.25,0.7669635,Critical Risk
5935-FCCNB,17,94.2,1608.15,0.76613605,Critical Risk
2604-IJPDU,20,96.55,1901.65,0.76578486,Critical Risk
5348-CAGXB,12,89.55,1021.75,0.765609,Critical Risk
6260-ONULR,1,62.8,62.8,0.7655643,Critical Risk
9773-PEQBZ,10,79.85,797.25,0.7653674,Critical Risk
0928-JMXNP,4,29.9,118.25,0.76507515,Critical Risk
1751-NCDLI,46,98.85,4564.9,0.7649443,Critical Risk
4062-HBMOS,52,103.05,5364.8,0.76246226,Critical Risk
5399-ZIMKF,5,74.65,383.65,0.7622663,Critical Risk
2800-VEQXM,3,74.75,238.1,0.7616207,Critical Risk
1173-XZPYF,11,89.2,990.3,0.7571914,Critical Risk
3956-MGXOG,28,80.6,2244.95,0.7550461,Critical Risk
0430-IHCDJ,15,49.0,749.25,0.75434506,Critical Risk
2504-DSHIH,23,86.8,1975.85,0.75370425,Critical Risk
5117-IFGPS,29,84.3,2357.75,0.7536295,Critical Risk
2275-RBYQS,1,45.4,45.4,0.7532302,Critical Risk
9050-IKDZA,2,81.5,162.55,0.7518764,Critical Risk
5129-JLPIS,25,105.5,2686.05,0.7509692,Critical Risk
8950-MTZNV,1,44.95,44.95,0.7503514,Critical Risk
8710-YGLWG,1,44.9,44.9,0.7503514,Critical Risk
0082-LDZUE,1,44.3,44.3,0.7503514,Critical Risk
6860-YRJZP,9,74.05,678.45,0.750141,Critical Risk
8033-VCZGH,50,103.95,5231.3,0.74938136,Critical Risk
1357-BIJKI,50,98.25,4858.7,0.74928886,Critical Risk
5858-EAFCZ,1,44.45,44.45,0.74908084,Critical Risk
4146-SVFUD,1,44.6,44.6,0.74908084,Critical Risk
7801-KICAO,18,74.15,1345.75,0.74608725,Critical Risk
8242-SOQUO,5,84.7,392.5,0.74502295,Critical Risk
5968-VXZLG,2,46.6,87.9,0.7449488,Critical Risk
8107-KNCIM,14,75.1,1013.35,0.74416417,Critical Risk
9094-AZPHK,15,100.15,1415.0,0.74407405,Critical Risk
7754-IXRMC,1,45.35,45.35,0.7423887,Critical Risk
7252-NTGSS,1,45.15,45.15,0.7423887,Critical Risk
6582-OIVSP,1,45.3,45.3,0.7423887,Critical Risk
5429-LWCMV,12,89.15,1057.55,0.7420346,Critical Risk
0225-ZORZP,3,84.3,235.05,0.7412943,Critical Risk
5895-QSXOD,9,70.05,657.5,0.7406226,Critical Risk
9620-ENEJV,6,70.55,433.95,0.7405303,Critical Risk
3420-YJLQT,2,79.55,151.75,0.7401818,Critical Risk
0722-SVSFK,7,100.4,715.0,0.7395017,Critical Risk
6435-SRWBJ,5,82.75,417.75,0.73948264,Critical Risk
7318-EIVKO,8,59.25,436.6,0.73911643,Critical Risk
5956-YHHRX,21,104.35,2271.85,0.73889726,Critical Risk
7537-RBWEA,1,25.15,25.15,0.7388189,Critical Risk
0196-JTUQI,9,75.2,633.85,0.7385923,Critical Risk
4367-NHWMM,1,24.9,24.9,0.7374099,Critical Risk
7272-QDCKA,28,100.2,2688.45,0.73721915,Critical Risk
3797-FKOGQ,11,86.2,893.2,0.7372158,Critical Risk
7901-HXJVA,14,76.45,1117.55,0.73682415,Critical Risk
8325-QRPZR,7,75.15,525.0,0.7368113,Critical Risk
1855-AGAWH,31,93.8,2939.8,0.7359893,Critical Risk
4770-UEZOX,2,74.75,144.8,0.7350894,Critical Risk
2905-KFQUV,2,70.4,154.8,0.7348768,Critical Risk
8648-PFRMP,14,46.35,672.7,0.7347108,Critical Risk
1478-VPOAD,1,43.8,43.8,0.73425186,Critical Risk
6519-CFDBX,2,45.4,80.95,0.733283,Critical Risk
4537-DKTAL,2,45.55,84.4,0.73195654,Critical Risk
4612-SSVHJ,20,81.45,1671.6,0.73089993,Critical Risk
7975-TZMLR,47,103.1,4889.3,0.7307587,Critical Risk
3001-UNBTL,29,103.95,2964.8,0.73075086,Critical Risk
6969-MVBAI,9,90.1,816.8,0.72990495,Critical Risk
9741-YLNTD,6,87.95,522.35,0.7296076,Critical Risk
6496-JDSSB,8,80.0,624.6,0.729285,Critical Risk
7718-RXDGG,15,68.6,1108.6,0.72926503,Critical Risk
2862-PFNIK,1,24.7,24.7,0.72833675,Critical Risk
2832-KJCRD,38,103.65,3988.5,0.72763073,Critical Risk
5339-PXDVH,4,90.65,367.95,0.72736025,Critical Risk
8087-LGYHQ,9,94.05,811.65,0.7270691,Critical Risk
9895-VFOXH,1,24.4,24.4,0.7261261,Critical Risk
7233-DRTRF,63,102.4,6444.05,0.72492266,Critical Risk
7206-PQBBZ,11,70.2,834.7,0.7235201,Critical Risk
0988-JRWWP,3,54.2,140.4,0.7233745,Critical Risk
2135-DQWAQ,5,85.3,420.45,0.72309685,Critical Risk
7225-CBZPL,17,94.8,1563.9,0.7216116,Critical Risk
2235-DWLJU,6,44.4,263.05,0.7209272,Critical Risk
3914-FDRHP,9,86.25,770.5,0.7208984,Critical Risk
3966-HRMZA,3,75.05,202.9,0.7207306,Critical Risk
5405-ZMYXQ,8,74.6,548.9,0.7205995,Critical Risk
1666-JXLKU,37,100.05,3810.55,0.72038746,Critical Risk
8189-XRIKE,32,90.95,2897.95,0.71690166,Critical Risk
9003-CPATH,42,79.9,3313.4,0.7163849,Critical Risk
6507-ZJSUR,23,90.45,2117.25,0.71558744,Critical Risk
4998-IKFSE,30,100.45,3096.9,0.7155194,Critical Risk
0480-BIXDE,19,96.8,1743.05,0.71543384,Critical Risk
9643-AVVWI,3,80.0,241.3,0.7146738,Critical Risk
9919-KNPOO,21,94.3,1948.35,0.71422267,Critical Risk
2373-NTKOD,8,66.25,546.45,0.71282965,Critical Risk
9355-NPPFS,26,78.8,2006.1,0.7128211,Critical Risk
7044-YAACC,4,70.2,280.35,0.71250397,Critical Risk
4223-WOZCM,2,49.95,107.1,0.71248543,Critical Risk
5989-PGKJB,16,86.25,1340.1,0.71168226,Critical Risk
7018-WBJNK,13,78.3,1033.95,0.711373,Critical Risk
2880-FPNAE,2,74.2,140.1,0.71043676,Critical Risk
8873-GLDMH,6,73.85,401.3,0.71040434,Critical Risk
6537-OTKMY,15,50.75,688.2,0.7100435,Critical Risk
8993-IZEUX,7,69.15,488.65,0.70985526,Critical Risk
2984-AFWNC,3,95.4,293.15,0.709316,Critical Risk
1746-TGTWV,1,75.35,75.35,0.7086958,Critical Risk
6719-OXYBR,15,85.3,1219.85,0.7085908,Critical Risk
9214-EKVXR,1,44.0,44.0,0.7083422,Critical Risk
3518-PZXZQ,1,55.3,55.3,0.7073641,Critical Risk
8974-OVACP,1,20.15,20.15,0.7071645,Critical Risk
5119-NZPTV,2,70.1,141.65,0.70714235,Critical Risk
0248-IPDFW,1,50.1,50.1,0.7066482,Critical Risk
8356-WUAOJ,1,45.0,45.0,0.70514804,Critical Risk
3420-ZDBMA,5,71.45,371.6,0.70504695,Critical Risk
6851-WEFYX,35,100.8,3437.5,0.70422035,Critical Risk
8819-IMISP,31,80.45,2429.1,0.7040191,Critical Risk
4686-UXDML,21,99.85,1992.55,0.70397866,Critical Risk
6692-YQHXC,16,69.95,1205.5,0.7027129,Critical Risk
2208-UGTGR,56,98.6,5581.05,0.7025723,Critical Risk
4236-UJPWO,2,24.5,46.4,0.70117843,Critical Risk
1960-UYCNN,10,95.25,1021.55,0.7008502,Critical Risk
2465-BLLEU,1,19.75,19.75,0.6999966,High Risk
7096-UCLNH,1,20.05,20.05,0.6999966,High Risk
2369-FEVNO,1,19.9,19.9,0.6999966,High Risk
3785-NRHYR,1,19.65,19.65,0.6999966,High Risk
6286-SUUWT,1,19.95,19.95,0.6999966,High Risk
3930-ZGWVE,1,19.75,19.75,0.6999966,High Risk
3030-ZKIWL,1,20.05,20.05,0.6999966,High Risk
8749-CLJXC,1,20.05,20.05,0.6999966,High Risk
4661-NJEUX,1,20.05,20.05,0.6999966,High Risk
7698-YFGEZ,1,20.0,20.0,0.6999966,High Risk
0958-YHXGP,7,69.9,497.3,0.69981885,High Risk
7339-POGZN,4,50.7,214.55,0.6987664,High Risk
0620-DLSLK,13,81.9,1028.9,0.6986213,High Risk
4815-GBTCD,4,25.15,99.95,0.6986098,High Risk
2674-MIAHT,4,80.3,324.2,0.6982994,High Risk
9272-LSVYH,10,70.15,735.5,0.6982619,High Risk
2672-OJQZP,1,44.75,44.75,0.6981346,High Risk
6339-YPSAH,9,73.8,704.3,0.6962327,High Risk
0168-XZKBB,19,86.85,1564.4,0.6956676,High Risk
4566-NECEV,5,96.55,500.1,0.6941702,High Risk
2478-EEWWM,59,44.3,2666.75,0.6934118,High Risk
9979-RGMZT,7,94.05,633.45,0.69340724,High Risk
0434-CSFON,47,100.5,4707.1,0.6930889,High Risk
2799-ARNLO,5,69.35,341.6,0.6921934,High Risk
7748-UMTRK,30,101.3,2974.5,0.6916676,High Risk
5351-QESIO,1,24.2,24.2,0.6906636,High Risk
9058-MJLZC,24,94.6,2283.15,0.69057995,High Risk
5934-RMPOV,22,84.75,1816.75,0.6900372,High Risk
6704-UTUKK,29,45.9,1332.4,0.68969464,High Risk
1845-ZLLIG,1,50.15,50.15,0.6895755,High Risk
0315-LVCRK,11,84.8,888.75,0.68930465,High Risk
0508-OOLTO,2,71.65,135.75,0.6887115,High Risk
5760-IFJOZ,3,107.95,313.6,0.688246,High Risk
3428-MMGUB,60,89.55,5231.2,0.6877545,High Risk
5906-BFOZT,1,19.5,19.5,0.68772703,High Risk
7601-WFVZV,1,19.55,19.55,0.68772703,High Risk
5365-LLFYV,2,45.85,105.6,0.6866261,High Risk
3629-ZNKXA,17,101.8,1752.45,0.68607557,High Risk
7517-LDMPS,12,84.6,1017.35,0.6858683,High Risk
2080-GKCWQ,2,74.95,151.75,0.684092,High Risk
3413-BMNZE,1,45.25,45.25,0.6835515,High Risk
8714-CTZJW,4,82.85,319.6,0.68346536,High Risk
7064-FRRSW,48,99.0,4744.35,0.6829783,High Risk
8903-XEBGX,2,55.3,108.65,0.68229574,High Risk
8800-JOOCF,12,84.05,966.55,0.681652,High Risk
7426-RHZGU,9,95.9,827.45,0.68110913,High Risk
3069-SSVSN,1,25.85,25.85,0.6808069,High Risk
3295-YVUSR,2,72.6,154.3,0.68069863,High Risk
0093-EXYQL,40,91.55,3673.6,0.6805074,High Risk
9799-CAYJJ,2,69.3,153.8,0.6799514,High Risk
3191-CSNMG,3,80.7,239.45,0.6794817,High Risk
6705-LXORM,5,70.05,302.6,0.67868835,High Risk
2927-QRRQV,46,94.65,4312.5,0.6777593,High Risk
6599-SFQVE,6,55.0,340.4,0.67726356,High Risk
6243-OZGFH,23,44.95,996.85,0.6770759,High Risk
5216-WASFJ,31,84.85,2633.4,0.6768323,High Risk
8313-NDOIA,24,104.15,2494.65,0.67621815,High Risk
1307-ATKGB,24,89.55,2187.15,0.67613983,High Risk
1777-JYQPJ,2,24.3,38.45,0.6746931,High Risk
6198-RTPMF,17,92.6,1579.7,0.67453605,High Risk
6116-RFVHN,34,100.45,3414.65,0.6745223,High Risk
3002-WQZWT,29,74.2,1993.25,0.6745182,High Risk
2809-ZMYOQ,32,101.35,3334.9,0.67450553,High Risk
9133-AYJZG,23,98.7,2249.1,0.67398924,High Risk
2101-RANCD,55,73.1,4144.9,0.6733176,High Risk
4298-OYIFC,15,103.45,1539.8,0.67324305,High Risk
2439-LYPMQ,38,102.6,4009.2,0.6718305,High Risk
7967-HYCDE,8,70.7,553.4,0.6704586,High Risk
2209-XADXF,1,25.25,25.25,0.67037505,High Risk
5605-IYGFG,7,69.85,515.45,0.66989243,High Risk
2424-WVHPL,1,74.7,74.7,0.6698455,High Risk
2187-PKZAY,12,79.95,1043.4,0.669362,High Risk
0970-QXPXW,1,19.65,19.65,0.66920274,High Risk
7721-DVEKZ,1,19.65,19.65,0.66920274,High Risk
1135-LMECX,1,19.85,19.85,0.66920274,High Risk
6654-QGBZZ,1,19.9,19.9,0.66920274,High Risk
7878-RTCZG,1,19.9,19.9,0.66920274,High Risk
6124-ACRHJ,1,19.75,19.75,0.66920274,High Risk
5937-EORGB,15,96.5,1392.25,0.66911894,High Risk
1728-BQDMA,2,44.45,82.7,0.6682172,High Risk
0374-IOEGQ,3,44.6,122.7,0.6682172,High Risk
1622-HSHSF,1,19.55,19.55,0.66764134,High Risk
9767-FFLEM,38,69.5,2625.25,0.6676306,High Risk
9142-KZXOP,44,68.85,2958.95,0.6676306,High Risk
1077-HUUJM,7,71.05,472.65,0.666917,High Risk
2468-SJFLM,1,74.3,74.3,0.66663957,High Risk
5995-SNNEW,23,104.45,2184.85,0.6663256,High Risk
4553-DVPZG,62,101.35,6164.7,0.6662541,High Risk
9112-WSNPU,35,70.55,2419.0,0.6652684,High Risk
2014-MKGMH,46,101.1,4674.4,0.66477585,High Risk
4061-UKJWL,3,45.45,141.7,0.6645582,High Risk
9992-UJOEL,2,50.3,92.75,0.66424197,High Risk
0420-HLGXF,39,99.75,4036.0,0.6642021,High Risk
1391-UBDAR,11,72.9,818.45,0.6619474,High Risk
2111-DWYHN,1,21.1,21.1,0.6616473,High Risk
4013-GUXND,1,20.8,20.8,0.6616473,High Risk
0411-EZJZE,3,60.25,170.5,0.6613779,High Risk
6650-VJONK,1,43.85,43.85,0.6605883,High Risk
3961-SXAXY,1,44.05,44.05,0.6605883,High Risk
8064-RAVOH,1,49.85,49.85,0.6601645,High Risk
6734-GMPVK,5,105.3,550.6,0.659795,High Risk
8160-HOWOX,7,66.85,458.1,0.6594072,High Risk
8393-JMVMB,1,19.45,19.45,0.65936023,High Risk
3976-NLDEZ,1,20.6,20.6,0.6592788,High Risk
8048-DSDFQ,1,20.2,20.2,0.65920717,High Risk
6380-ARCEH,1,20.2,20.2,0.65920717,High Risk
3247-MHJKM,1,20.2,20.2,0.65920717,High Risk
6407-UTSLV,2,83.8,163.7,0.6582962,High Risk
5271-DBYSJ,11,79.15,827.7,0.65789163,High Risk
8566-YPRGL,1,19.5,19.5,0.6575872,High Risk
9365-SRSZE,27,70.55,1943.9,0.6574273,High Risk
8058-DMYRU,54,90.05,4931.8,0.6569843,High Risk
8687-BAFGU,1,74.0,74.0,0.6568831,High Risk
0749-IRGQE,13,45.3,528.45,0.6564163,High Risk
2866-IKBTM,1,19.55,19.55,0.6562922,High Risk
8605-ITULD,1,19.55,19.55,0.6562922,High Risk
1905-OEILC,1,19.5,19.5,0.6562922,High Risk
2770-NSVDG,24,29.1,688.0,0.6560481,High Risk
2081-VEYEH,3,107.95,318.6,0.6536355,High Risk
8695-ARGXZ,34,75.55,2425.4,0.6526511,High Risk
3995-WFCSM,2,60.85,111.4,0.65252507,High Risk
7928-VJYAB,11,90.6,1020.2,0.6517201,High Risk
1833-TCXKK,45,107.75,4882.8,0.65098125,High Risk
6817-WTYHE,2,44.9,111.05,0.6485506,High Risk
9053-EJUNL,41,89.2,3645.75,0.6470268,High Risk
0455-XFASS,3,69.55,200.2,0.6466266,High Risk
5522-JBWMO,1,44.0,44.0,0.6465901,High Risk
1400-WIVLL,57,107.95,5969.85,0.64602447,High Risk
1730-ZMAME,32,79.5,2665.0,0.6457867,High Risk
0422-UXFAP,51,98.85,4947.55,0.645355,High Risk
7562-UXTPG,13,70.15,886.7,0.6446894,High Risk
0447-RXSGD,24,99.65,2404.85,0.64455533,High Risk
3278-FSIXX,2,45.25,74.2,0.6444075,High Risk
5650-YLIBA,31,81.15,2640.55,0.6443391,High Risk
8445-DNBAE,1,50.05,50.05,0.64425325,High Risk
1910-FMXJM,36,80.4,2937.65,0.64359,High Risk
9944-AEXBM,32,85.65,2664.3,0.643011,High Risk
4059-IIEBK,7,78.55,522.95,0.6429882,High Risk
4854-CIDCF,3,73.85,196.4,0.6415059,High Risk
3452-GWUIN,19,94.95,1760.25,0.63958055,High Risk
5666-CYCYZ,24,89.55,2259.35,0.6389744,High Risk
9398-MMQTO,3,74.45,221.1,0.63888466,High Risk
2657-VPXTA,10,88.85,929.45,0.63868994,High Risk
4536-PLEQY,12,85.05,999.8,0.63850653,High Risk
3644-QXEHN,13,97.0,1334.45,0.63818777,High Risk
5392-AKEMH,12,45.05,523.1,0.6381687,High Risk
7278-CKDNC,24,80.5,2088.45,0.63799196,High Risk
5044-LRQAQ,7,69.2,477.55,0.63768846,High Risk
4937-QPZPO,61,99.9,6241.35,0.63758606,High Risk
0224-RLWWD,2,44.3,89.3,0.6368284,High Risk
6034-YMTOB,5,75.65,399.45,0.63670224,High Risk
6542-LWGXJ,3,25.0,78.25,0.63643277,High Risk
8378-LKJAF,38,101.15,3956.7,0.6360725,High Risk
3292-PBZEJ,11,111.4,1183.05,0.63577014,High Risk
9638-JIQYA,2,24.9,49.7,0.6356529,High Risk
3798-EPWRR,2,43.95,85.1,0.6352609,High Risk
8404-GFGCZ,4,65.6,250.1,0.6350683,High Risk
9631-XEYKE,3,50.4,137.25,0.63268864,High Risk
7147-AYBAA,37,70.35,2552.9,0.631822,High Risk
9547-ITEFG,9,102.6,897.75,0.6317123,High Risk
8035-PWSEV,6,89.25,487.05,0.6316293,High Risk
2676-ISHSF,1,20.3,20.3,0.6311666,High Risk
9122-UMROB,1,20.3,20.3,0.6311666,High Risk
3590-TCXTB,1,20.35,20.35,0.6311666,High Risk
2081-KJSQF,1,20.25,20.25,0.6311666,High Risk
8203-XJZRC,1,20.25,20.25,0.6311666,High Risk
5076-YVXCM,51,83.4,4149.45,0.6305767,High Risk
6128-AQBMT,41,53.95,2215.4,0.6301826,High Risk
9821-BESNZ,66,104.25,6860.6,0.6297212,High Risk
7243-LCGGZ,1,20.9,20.9,0.6290034,High Risk
8286-AFUYI,1,47.95,47.95,0.6288097,High Risk
3427-GGZZI,19,89.1,1620.8,0.6279595,High Risk
6786-OBWQR,5,80.85,356.1,0.62697834,High Risk
1536-HBSWP,1,49.9,49.9,0.6266066,High Risk
8486-AYEQH,31,76.05,2227.8,0.6264492,High Risk
2538-OIMXF,1,24.7,24.7,0.6262239,High Risk
8180-AKMJV,1,44.55,44.55,0.62569195,High Risk
3365-SAIGS,17,83.55,1329.15,0.62568617,High Risk
0258-NOKBL,3,90.4,268.45,0.62367433,High Risk
1379-FRVEB,15,91.0,1430.05,0.62337095,High Risk
4581-LNWUM,13,49.15,649.4,0.62189937,High Risk
9588-OZDMQ,2,45.0,89.75,0.62162787,High Risk
1047-NNCBF,20,70.55,1493.55,0.6209407,High Risk
5701-YVSVF,11,82.9,880.05,0.6201465,High Risk
4929-XIHVW,2,95.5,181.65,0.6190184,High Risk
0327-WFZSY,39,100.0,3835.55,0.6181098,High Risk
1784-EZDKJ,51,106.8,5498.8,0.61803436,High Risk
8212-DJRCH,5,90.35,434.5,0.61785156,High Risk
3312-UUMZW,32,98.85,3145.9,0.6176263,High Risk
5600-KTXFM,2,69.95,143.9,0.61758846,High Risk
4570-QHXHL,9,43.75,405.7,0.6173357,High Risk
4546-FOKWR,16,74.75,1129.35,0.617174,High Risk
6145-NNPNO,1,44.15,44.15,0.6170835,High Risk
2603-HVKCG,31,101.4,3143.65,0.6169672,High Risk
7668-XCFYV,17,92.55,1614.7,0.61677784,High Risk
8903-WMRNW,15,101.75,1669.4,0.6165066,High Risk
0096-BXERS,6,50.35,314.55,0.6161064,High Risk
3916-NRPAP,3,85.7,256.75,0.6153547,High Risk
8617-ENBDS,3,73.6,232.5,0.61509866,High Risk
2480-JZOSN,1,20.65,20.65,0.61488444,High Risk
4813-HQMGZ,8,90.25,743.75,0.6146495,High Risk
5168-MSWXT,8,94.75,759.55,0.6140814,High Risk
5948-UJZLF,2,49.25,97.0,0.61346596,High Risk
5649-RXQTV,51,99.0,5038.15,0.61271375,High Risk
9753-OYLBX,1,20.5,20.5,0.6122643,High Risk
5233-AOZUF,29,74.95,2149.05,0.61199844,High Risk
1895-QTKDO,1,43.95,43.95,0.6117036,High Risk
2675-DHUTR,58,98.9,5780.7,0.61096174,High Risk
1866-OBPNR,1,74.6,74.6,0.6109324,High Risk
6048-QBXKL,2,56.55,118.25,0.6104181,High Risk
4634-JLRJT,1,20.35,20.35,0.6095086,High Risk
0670-KDOMA,1,20.25,20.25,0.6095086,High Risk
2178-PMGCJ,22,69.7,1490.4,0.60916233,High Risk
7298-IZWLY,1,19.4,19.4,0.60857564,High Risk
7442-YGZFK,1,49.8,49.8,0.6083749,High Risk
5022-KVDQT,27,81.3,2272.8,0.60764,High Risk
8149-AIQCG,39,73.15,2730.85,0.6072716,High Risk
4238-HFHSN,61,82.15,4904.85,0.60714024,High Risk
3855-ONCAR,4,78.9,299.75,0.6065189,High Risk
7852-LECYP,13,93.8,1261.0,0.6060224,High Risk
7590-VHVEG,1,29.85,29.85,0.6059342,High Risk
6242-MBHPK,23,95.1,2326.05,0.6049582,High Risk
3951-NJCVI,42,95.05,3944.5,0.6048827,High Risk
7924-GJZFI,25,69.3,1813.1,0.60485184,High Risk
8734-DKSTZ,10,85.95,858.6,0.60461986,High Risk
3211-AAPKX,20,98.55,2031.95,0.603211,High Risk
4291-HPAXL,1,19.85,19.85,0.6028853,High Risk
2812-SFXMJ,1,20.05,20.05,0.6028853,High Risk
6908-VVYHM,65,90.65,5931.0,0.6020264,High Risk
7404-JLKQG,3,57.55,161.45,0.60169196,High Risk
3597-MVHJT,27,95.6,2595.25,0.6016601,High Risk
8096-LOIST,19,56.2,1093.4,0.60113233,High Risk
5606-AMZBO,10,78.15,765.15,0.6010505,High Risk
3452-ABWRL,47,86.05,3865.6,0.60061795,High Risk
2038-LLMLM,48,103.85,4946.05,0.59959656,High Risk
8597-CWYHH,43,94.35,3921.3,0.5995708,High Risk
5996-DAOQL,1,20.45,20.45,0.59877867,High Risk
8262-COGGB,1,20.45,20.45,0.59877867,High Risk
2668-TZSPS,1,20.45,20.45,0.59877867,High Risk
0673-IGUQO,1,20.45,20.45,0.59877867,High Risk
6579-JPICP,1,20.4,20.4,0.59877867,High Risk
5950-AAAGJ,18,84.3,1537.9,0.5981107,High Risk
3162-KKZXO,55,100.15,5409.75,0.5978789,High Risk
2842-BCQGE,43,75.35,3161.4,0.59777653,High Risk
9389-ACWBI,5,69.95,320.4,0.5977569,High Risk
2592-YKDIF,1,20.35,20.35,0.5973715,High Risk
2786-GCDPI,50,104.95,5222.35,0.597238,High Risk
9962-BFPDU,1,20.05,20.05,0.5965284,High Risk
9796-BPKIW,8,69.95,562.7,0.5959639,High Risk
4647-MUZON,18,95.95,1745.5,0.5936457,High Risk
8266-VBFQL,4,90.4,356.65,0.593357,High Risk
3050-GBUSH,3,34.8,113.95,0.59220284,High Risk
6862-CQUMB,37,96.1,3646.8,0.5921574,High Risk
0730-KOAVE,30,94.3,2679.7,0.59127104,High Risk
1310-QRITU,18,50.3,913.3,0.59094936,High Risk
5760-FXFVO,6,78.95,494.95,0.5907315,High Risk
7326-RIGQZ,6,69.8,377.85,0.589903,High Risk
0585-EGDDA,40,80.0,3168.75,0.5898599,High Risk
8982-NHAVY,27,100.5,2673.45,0.5898262,High Risk
0927-CNGRH,1,19.55,19.55,0.5889762,High Risk
9348-YVOMK,4,44.8,176.2,0.5881508,High Risk
9208-OLGAQ,18,84.95,1443.65,0.58770627,High Risk
6377-WHAOX,60,106.15,6411.25,0.5868211,High Risk
0570-BFQHT,9,80.55,653.9,0.586652,High Risk
9927-DSWDF,22,104.6,2180.55,0.5859717,High Risk
5899-OUVKV,31,94.5,2979.2,0.5837323,High Risk
7103-IPXPJ,50,99.4,5059.75,0.5836138,High Risk
5440-VHLUL,69,105.2,7386.05,0.583144,High Risk
7878-JGDKK,4,44.55,220.75,0.5831278,High Risk
8725-JEDFD,27,69.05,1793.25,0.5829674,High Risk
6402-EJMWF,4,55.3,238.5,0.5829332,High Risk
5857-TYBCJ,44,89.2,4040.2,0.5817717,High Risk
4521-YEEHE,18,88.85,1594.75,0.58079404,High Risk
9323-HGFWY,27,101.9,2681.15,0.5807145,High Risk
7508-SMHXL,15,89.0,1288.3,0.5802157,High Risk
9314-IJWSQ,14,84.8,1203.9,0.5793496,High Risk
5999-LCXAO,1,29.9,29.9,0.57827264,High Risk
7892-QVYKW,23,85.6,1868.4,0.5778076,High Risk
9261-WDCAF,3,54.65,189.1,0.57739896,High Risk
0247-SLUJI,1,19.7,19.7,0.57701147,High Risk
1025-FALIX,26,69.05,1815.65,0.57675993,High Risk
2896-TBNBE,40,80.8,3132.75,0.57585347,High Risk
7978-DKUQH,25,74.6,1797.75,0.5756632,High Risk
0439-IFYUN,18,74.7,1294.6,0.5755818,High Risk
2599-CZABP,14,44.6,641.25,0.5754311,High Risk
3946-JEWRQ,47,95.2,4563.0,0.57537,High Risk
3094-JOJAI,18,74.15,1387.0,0.57477003,High Risk
1228-ZLNBX,21,75.3,1570.7,0.57477003,High Risk
6833-JMZYP,15,94.0,1505.45,0.574764,High Risk
2959-FENLU,9,85.3,781.4,0.57470036,High Risk
9128-CPXKI,59,95.8,5655.45,0.5743606,High Risk
6652-YFFJO,11,64.9,716.1,0.5741756,High Risk
9281-OFDMF,39,90.7,3413.25,0.5740356,High Risk
8627-ZYGSZ,47,78.9,3650.35,0.5726718,High Risk
0581-BXBUB,4,72.75,317.75,0.5726528,High Risk
7460-ITWWP,45,86.1,3861.45,0.5726208,High Risk
8190-ZTQFB,41,51.35,2075.1,0.5724061,High Risk
0531-ZZJWQ,55,74.0,4052.4,0.5722571,High Risk
2507-QZPQS,15,95.7,1451.1,0.5718301,High Risk
3349-ANQNH,59,99.5,5890.0,0.5711514,High Risk
1156-ZFYDO,1,19.75,19.75,0.5704824,High Risk
1194-HVAIF,27,95.0,2462.55,0.5703634,High Risk
7109-MFBYV,26,45.45,1233.15,0.5687211,High Risk
9752-ZNQUT,1,48.6,48.6,0.5672921,High Risk
3808-HFKDE,20,44.35,927.15,0.56621134,High Risk
2694-CIUMO,12,79.55,958.25,0.5660617,High Risk
0678-RLHVP,53,105.55,5682.25,0.5660367,High Risk
5692-ICXLW,31,90.7,2845.15,0.5659671,High Risk
4128-ETESU,47,99.7,4747.2,0.56596327,High Risk
1261-FWTTE,23,34.65,768.45,0.565767,High Risk
7594-LZNWR,34,69.15,2275.1,0.5653106,High Risk
8212-CRQXP,22,80.0,1706.45,0.56479645,High Risk
6907-FLBER,1,54.3,54.3,0.5645006,High Risk
9552-TGUZV,8,75.0,658.1,0.5641965,High Risk
3727-JEZTU,1,20.4,20.4,0.56406564,High Risk
9812-GHVRI,40,83.85,3532.25,0.5635727,High Risk
5652-MSDEY,10,75.75,777.3,0.56347054,High Risk
7714-YXSMB,26,100.5,2599.95,0.5630645,High Risk
6583-KQJLK,15,94.65,1285.05,0.562585,High Risk
0898-XCGTF,61,96.5,5673.7,0.56221414,High Risk
1689-YQBYY,12,76.6,893.0,0.56130135,High Risk
1635-FJFCC,5,44.05,202.15,0.5610414,High Risk
8120-JDCAM,4,69.55,284.9,0.56092423,High Risk
3082-VQXNH,3,29.8,94.4,0.5590441,High Risk
2586-CWXVV,54,30.4,1621.35,0.5587118,High Risk
3016-KSVCP,29,33.75,1009.25,0.5586285,High Risk
5035-BVCXS,11,75.9,866.4,0.5581712,High Risk
1028-FFNJK,30,101.5,2917.65,0.55811185,High Risk
7617-EYGLW,1,19.45,19.45,0.5572622,High Risk
1469-LBJQJ,66,105.2,6936.85,0.5572539,High Risk
7296-PIXQY,14,70.2,1046.5,0.5567291,High Risk
4183-MYFRB,21,90.05,1862.9,0.55587286,High Risk
0082-OQIQY,29,94.2,2607.6,0.55565345,High Risk
3370-GQEAL,30,85.45,2509.95,0.5554847,High Risk
9714-EDSUC,4,94.9,360.55,0.55437106,High Risk
8224-DWCKX,12,73.3,828.05,0.5542747,High Risk
6896-SRVYQ,44,73.85,3122.4,0.55413747,High Risk
2957-JIRMN,62,84.45,4959.15,0.5537911,High Risk
8778-LMWTJ,9,74.85,708.2,0.55350286,High Risk
0114-PEGZZ,33,107.55,3645.5,0.55195373,High Risk
3411-WLRSQ,3,74.6,239.05,0.5516982,High Risk
6322-PJJDJ,49,94.8,4690.65,0.5516842,High Risk
8104-OSKWT,12,79.8,1001.2,0.5486092,High Risk
8118-TJAFG,9,101.5,906.85,0.5483536,High Risk
9779-DPNEJ,22,80.15,1790.65,0.5482701,High Risk
6551-GNYDG,14,80.9,1152.8,0.5473775,High Risk
3446-QDSZF,4,55.5,227.35,0.547242,High Risk
8456-QDAVC,19,78.7,1495.1,0.54713553,High Risk
7529-ZDFXI,57,89.85,4925.35,0.54552394,High Risk
2637-FKFSY,3,46.1,130.15,0.5453137,High Risk
9054-FOWNV,22,88.75,1885.15,0.5448334,High Risk
7036-TYDEC,69,104.0,7028.5,0.5439689,High Risk
8490-BXHEO,18,80.55,1411.65,0.5438131,High Risk
8728-SKJLR,41,74.25,3089.1,0.5433017,High Risk
3987-KQDDU,9,75.6,661.55,0.5429234,High Risk
3737-XBQDD,24,84.85,2048.8,0.542488,High Risk
2582-FFFZR,22,50.6,1073.3,0.54187995,High Risk
1153-GNOLC,33,39.1,1309.0,0.5418364,High Risk
0141-YEAYS,27,86.45,2401.05,0.5406095,High Risk
7567-ECMCM,24,79.85,2001.0,0.5404807,High Risk
5074-FBGHB,64,104.65,6889.8,0.54046196,High Risk
1658-TJVOA,6,74.1,450.9,0.53933936,High Risk
8544-GOQSH,14,80.05,1112.3,0.5392266,High Risk
5035-PGZXH,56,106.8,5914.4,0.5388325,High Risk
8564-LDKFL,40,106.0,4178.65,0.5384355,High Risk
2252-ISRNH,9,90.35,767.9,0.53836787,High Risk
1724-IQWNM,1,19.3,19.3,0.53705776,High Risk
2519-LBNQL,60,104.35,6339.45,0.53684413,High Risk
5331-RGMTT,54,99.05,5295.7,0.5366781,High Risk
3588-WSTTJ,35,99.05,3554.6,0.536332,High Risk
0027-KWYKW,23,83.75,1849.95,0.5362286,High Risk
4853-OITSN,5,89.15,413.25,0.53482944,High Risk
3481-JHUZH,41,80.25,3439.0,0.53425664,High Risk
2325-NBPZG,3,74.55,233.65,0.53383815,High Risk
2043-WVTQJ,1,55.7,55.7,0.5330233,High Risk
2277-VWCNI,4,48.75,179.85,0.53290397,High Risk
1928-BXYIV,1,61.15,61.15,0.53259164,High Risk
9629-NHXFW,1,19.4,19.4,0.5318987,High Risk
7820-ZYGNY,63,90.45,5825.5,0.531777,High Risk
1423-BMPBQ,1,19.0,19.0,0.5313382,High Risk
2378-VTKDH,65,104.35,6578.55,0.5312891,High Risk
0650-BWOZN,18,73.55,1359.45,0.5311375,High Risk
9279-CJEOJ,21,95.4,2025.1,0.5311119,High Risk
3577-AMVUX,1,55.05,55.05,0.5309108,High Risk
7312-XSBAT,1,49.75,49.75,0.53055745,High Risk
0048-LUMLS,37,91.2,3247.55,0.5303815,High Risk
6559-PDZLR,26,98.65,2537.0,0.5290639,High Risk
9494-BDNNC,66,95.3,6273.4,0.52870727,High Risk
9274-UARKJ,15,83.2,1130.0,0.52865404,High Risk
4282-MSACW,68,117.2,8035.95,0.5277693,High Risk
6559-RAKOZ,49,97.95,4917.9,0.52762395,High Risk
0130-SXOUN,66,89.4,5976.9,0.5270866,High Risk
8267-KFGYD,1,21.05,21.05,0.5270218,High Risk
5868-YTYKS,1,20.25,20.25,0.5268355,High Risk
8981-FJGLA,11,78.0,851.8,0.52677125,High Risk
8709-KRDVL,33,100.0,3320.6,0.52560496,High Risk
0100-DUVFC,70,104.8,7308.95,0.5252037,High Risk
5630-IXDXV,47,106.35,4849.1,0.52518904,High Risk
8910-LEDAG,34,71.55,2427.35,0.52505153,High Risk
2924-KHUVI,56,100.55,5514.95,0.5250182,High Risk
2903-YYTBW,1,44.55,44.55,0.52442616,High Risk
9121-PHQSR,16,85.05,1391.15,0.5243036,High Risk
3645-DEYGF,1,20.75,20.75,0.52269924,High Risk
1101-SSWAG,15,51.1,711.15,0.52226007,High Risk
2623-DRYAM,70,101.75,7069.3,0.5219639,High Risk
4826-TZEVA,40,74.8,2971.7,0.521499,High Risk
1580-BMCMR,19,87.3,1637.3,0.52103597,High Risk
3904-UKFRE,4,80.1,336.15,0.5203956,High Risk
4065-JJAVA,1,49.5,49.5,0.5203284,High Risk
1471-GIQKQ,1,49.95,49.95,0.5203284,High Risk
6874-SGLHU,30,97.0,3021.3,0.5202126,High Risk
4299-SIMNS,9,81.15,784.45,0.5189326,High Risk
5183-SNMJQ,10,95.1,865.1,0.51810974,High Risk
3709-OIJEA,26,85.2,2184.6,0.51796055,High Risk
4067-HLYQI,33,70.4,2406.1,0.5178158,High Risk
1608-GMEWB,45,93.9,4200.25,0.5176182,High Risk
4123-DVHPH,9,88.05,801.3,0.5168194,High Risk
4282-ACRXS,38,24.85,955.75,0.516774,High Risk
7993-NQLJE,15,75.1,1151.55,0.51640993,High Risk
6656-JWRQX,1,30.55,30.55,0.5162886,High Risk
2085-BOJKI,17,96.65,1588.25,0.5162483,High Risk
7422-WNBTY,33,93.35,3092.0,0.5149483,High Risk
9518-XXBXE,10,75.3,720.45,0.51433694,High Risk
1710-RCXUS,51,90.35,4614.55,0.5138916,High Risk
6008-NAIXK,54,55.45,2966.95,0.51321393,High Risk
2018-PZKMU,9,103.1,970.45,0.5128332,High Risk
2460-NGXBJ,11,75.2,775.3,0.5124566,High Risk
6029-CSMJE,17,25.65,440.2,0.5107073,High Risk
7128-GGCNO,46,72.8,3249.4,0.51063,High Risk
2654-VBVPB,1,19.9,19.9,0.51060766,High Risk
2665-NPTGL,26,98.1,2510.7,0.51040095,High Risk
9584-EXCDZ,17,70.5,1165.6,0.5101424,High Risk
6818-DJXAA,10,91.1,964.35,0.51000834,High Risk
4716-HHKQH,20,107.05,2172.05,0.5095248,High Risk
4465-VDKIQ,18,77.8,1358.6,0.509462,High Risk
8785-CJSHH,60,99.8,5985.75,0.50932145,High Risk
6481-ESCNL,29,100.55,2878.75,0.5090385,High Risk
2001-MCUUW,46,108.65,4903.2,0.50834966,High Risk
2480-SQIOB,4,44.8,169.65,0.50774103,High Risk
6778-YSNIH,2,59.0,114.15,0.507467,High Risk
3352-ALMCK,40,102.65,4108.15,0.50696516,High Risk
0682-USIXD,21,86.05,1818.9,0.506054,High Risk
1384-RCUXW,16,80.55,1248.9,0.5058578,High Risk
7379-FNIUJ,2,100.2,198.5,0.50573313,High Risk
5419-JKZNQ,30,77.9,2351.45,0.5048642,High Risk
6537-QLGEX,16,38.9,664.4,0.5041812,High Risk
1194-SPVSP,1,19.65,19.65,0.5040033,High Risk
7291-CDTMJ,1,19.65,19.65,0.5040033,High Risk
3717-OFRTN,1,19.75,19.75,0.5040033,High Risk
8535-SFUTN,61,106.45,6300.15,0.5039457,High Risk
6103-BOCOU,26,80.7,2193.0,0.5024097,High Risk
5022-JNQEQ,9,75.85,647.5,0.50199085,High Risk
8654-DHAOW,2,54.15,101.65,0.50152075,High Risk
1482-OXZSY,30,100.4,2936.25,0.5014517,High Risk
8660-BUETV,3,44.75,148.05,0.5012627,High Risk
4238-JSSWH,35,102.05,3452.55,0.50022084,High Risk
9508-ILZDG,34,96.35,3190.25,0.50015324,High Risk
